Paris, je t'aime,2006,7.4,25907,Drama,Romance
Planet of the Apes,2001,5.5,77489,Action,Adventure,Sci-Fi,Thriller,Action,Adventure,Animation,Sci-Fi
The Maltese Falcon,1941,8.4,55758,Crime,Film-Noir,Mystery
Reservoir Dogs,1992,8.4,233639,Crime,Mystery,Thriller
The China Syndrome,1979,7.4,10727,Drama,Thriller
Resident Evil: Afterlife,2010,5.9,36482,Action,Adventure,Horror,Sci-Fi,Thriller
C'era una volta il West,1968,8.8,84128,Western
La passion de Jeanne d'Arc,1928,8.3,12208,Biography,History
Ã†on Flux,2005,5.4,38896,
Eraser,1996,5.9,39631,Action,Crime,Drama,Mystery,Thriller
A Clockwork Orange,1971,8.5,212762,Crime,Drama,Sci-Fi
The Wedding Date,2005,5.5,13084,Comedy,Romance
The King's Speech,2010,8.4,68079,Biography,Drama,History
Stuart Little,1999,5.9,25337,Adventure,Comedy,Family,Fantasy
Mr. Nobody,2009,7.7,14896,
Fright Night,1985,6.8,13113,Comedy,Horror,Thriller
Heathers,1988,7.3,26114,Comedy,Crime
Kung Pow: Enter the Fist,2002,5.8,20510,Action,Comedy
"Supernatural",2005,8.9,18708,Drama,Fantasy,Horror,Mystery,Thriller,Horror,Thriller,Thriller
Pushing Tin,1999,5.9,16608,Comedy,Drama,Romance
Police Academy 2: Their First Assignment,1985,4.9,14101,Comedy,Crime
Around the World in 80 Days,2004,5.6,23737,Action,Adventure,Comedy,Family,Romance,Western
Mean Girls,2004,6.9,70544,Comedy,Drama
Working Girl,1988,6.6,19849,Comedy,Drama,Romance
Bride of Chucky,1998,5.3,14808,Comedy,Horror,Romance,Thriller
Thir13en Ghosts,2001,5.1,25273,Horror,Mystery,Thriller
Un long dimanche de fianÃ§ailles,2004,7.8,31951,
The Tailor of Panama,2001,6.1,14288,Drama,Thriller
Live Free or Die Hard,2007,7.5,139462,Action,Adventure,Crime,Thriller
The Visitor,2007,7.8,19958,
Vera Drake,2004,7.8,11652,Crime,Drama
Shi mian mai fu,2004,7.6,41806,Action,Adventure,Drama,Fantasy,Romance
The Sisterhood of the Traveling Pants,2005,6.8,18260,Adventure,Comedy,Drama,Romance
Strange Wilderness,2008,5.0,11790,Comedy
AstÃ©rix & ObÃ©lix: Mission ClÃ©opÃ¢tre,2002,6.5,12520,
Gladiator,2000,8.4,311592,Action,Adventure,Drama
Taxi 2,2000,6.2,13549,Action,Comedy,Crime
Glitter,2001,2.0,14069,Music,Romance
Donnie Darko,2001,8.2,232477,Drama,Mystery,Sci-Fi
The Rookie,2002,6.9,12846,
Event Horizon,1997,6.4,48416,Action,Horror,Mystery,Mystery,Sci-Fi,Sci-Fi,Thriller
The Untouchables,1987,8.0,91866,Crime,Drama,History,Thriller
A Walk in the Clouds,1995,6.3,10950,Drama,Romance
Mars Attacks!,1996,6.3,81900,Comedy,Fantasy,Sci-Fi
Grown Ups,2010,5.8,31555,Comedy
Hidalgo,2004,6.6,25275,Action,Adventure,Drama
Death at a Funeral,2007,7.3,34537,Comedy
Sky Captain and the World of Tomorrow,2004,6.3,42774,Action,Adventure,Mystery,Sci-Fi,Thriller
Scooby Doo 2: Monsters Unleashed,2004,4.7,11638,Action,Adventure,Comedy,Family,Fantasy,Mystery,Action
The Purple Rose of Cairo,1985,7.7,15359,Comedy,Fantasy,Romance
Cape Fear,1962,7.8,10750,Crime,Drama,Thriller
The Ninth Gate,1999,6.6,54461,Drama,Fantasy,Horror,Mystery,Thriller
xXx,2002,5.6,57477,Action,Adventure,Crime
The Gift,2000,6.7,29758,Crime,Drama,Mystery,Thriller
Jules et Jim,1962,7.9,12590,Drama,Romance
Flushed Away,2006,7.0,23198,Adventure,Animation,Comedy,Family
John Q,2002,6.7,35012,Crime,Drama,Thriller
"Gilmore Girls",2000,8.1,17787,Comedy,Drama,Family
Clash of the Titans,1981,6.7,15648,Action,Adventure,Family,Fantasy,Romance
Honey, I Shrunk the Kids,1989,6.1,27476,Adventure,Comedy,Family,Sci-Fi
Scarface,1983,8.2,169978,Crime,Drama,Thriller
Dark Blue,2002,6.6,11351,Crime,Drama,Thriller
To Have and Have Not,1944,8.0,13285,Adventure,Music,Romance,Thriller,War
Jui kuen II,1994,7.6,12721,Action,Comedy
Popeye,1980,4.9,11948,Comedy,Family,Musical,Romance
Inland Empire,2006,7.0,21823,Drama,Mystery,Thriller
The Princess Bride,1987,8.1,132000,Adventure,Comedy,Family,Fantasy,Romance
Madagascar: Escape 2 Africa,2008,6.8,34394,Action,Adventure,Animation,Comedy,Family,Biography
Semi-Pro,2008,5.7,28059,Comedy,Sport
The Jewel of the Nile,1985,5.8,16243,Action,Adventure,Comedy,Romance
My Sister's Keeper,2009,7.4,16975,Drama
The Sound of Music,1965,7.9,55847,Biography,Drama,Family,Musical
Mongol,2007,7.3,17738,Biography,Drama,Romance,War
The Contract,2006,5.6,11600,
The Football Factory,2004,6.8,11853,Crime,Drama
My Name Is Bruce,2007,6.5,10512,Comedy,Horror
Alice in Wonderland,1951,7.5,22457,Adventure,Animation,Family,Fantasy,Musical
Starship Troopers,1997,7.1,90573,Action,Adventure,Sci-Fi,Thriller
Kangaroo Jack,2003,4.1,10706,Adventure,Comedy,Crime
Rock Star,2001,5.9,16838,Comedy,Drama,Music
Mortal Kombat: Annihilation,1997,3.2,17658,Action,Adventure,Fantasy,Sci-Fi,Thriller
The Lion in Winter,1968,8.1,13598,Drama,History
Annie Hall,1977,8.3,71764,Comedy,Drama,Romance
Assault on Precinct 13,1976,7.4,14258,Action,Crime,Thriller
Kelly's Heroes,1970,7.5,16244,Action,Adventure,Comedy,War
"Everybody Loves Raymond",1996,7.4,13350,Comedy
Casualties of War,1989,7.0,14996,Adventure,Drama,War
Cocktail,1988,5.4,26425,Comedy,Drama,Romance
Birthday Girl,2001,6.0,13929,Comedy,Crime,Romance,Thriller
The Forbidden Kingdom,2008,6.7,39228,Action,Adventure,Fantasy,Romance
The Fan,1996,5.6,21712,Drama,Sport,Thriller
The Darjeeling Limited,2007,7.2,51940,Adventure,Comedy,Drama
This Is England,2006,7.8,32711,Crime,Drama
Exorcist: The Beginning,2004,5.0,16851,Horror,Mystery,Thriller
Lethal Weapon 2,1989,7.1,47818,Action,Comedy,Crime,Thriller
The Edge,1997,6.7,19020,Action,Adventure,Drama,Thriller
Lethal Weapon,1987,7.6,59766,Action,Crime,Thriller
Sleeper,1973,7.3,16353,Comedy,Sci-Fi
Fun with Dick and Jane,2005,6.0,44720,Comedy,Crime
Confidence,2003,6.8,17644,Crime,Thriller
Elizabeth,1998,7.6,35491,Biography,Drama,History,Romance
The Astronaut's Wife,1999,5.0,21299,Drama,Sci-Fi,Thriller
Pocahontas,1995,6.1,29919,Animation,Drama,Family,History,Musical,Romance
The Man Who Wasn't There,2001,7.7,43519,Crime,Drama
The Andromeda Strain,1971,7.2,10492,Mystery,Sci-Fi,Thriller
Never Been Kissed,1999,5.7,28609,Comedy,Drama,Romance
Pay It Forward,2000,6.9,39510,Drama,Romance
"Pride and Prejudice",1995,9.2,22571,Drama,Romance
Cabaret,1972,7.8,19231,Drama,Music,Musical
PokÃ©mon: The First Movie,1999,4.2,11006,
"Spaced",1999,9.3,11696,Comedy
Dodgeball: A True Underdog Story,2004,6.6,70423,Comedy,Sport
Garden State,2004,7.8,98574,Comedy,Drama,Romance
Blue Streak,1999,6.0,25036,Action,Comedy,Crime,Thriller
The Straight Story,1999,8.0,37714,Adventure,Biography,Drama
The Time Machine,1960,7.5,11917,Adventure,Romance,Sci-Fi,Thriller
Elizabeth: The Golden Age,2007,6.8,23632,Biography,Drama,History,Romance
The Scorpion King,2002,5.4,33079,Action,Adventure,Fantasy,Romance,Thriller
Notes on a Scandal,2006,7.6,29074,Drama,Thriller
O Brother, Where Art Thou?,2000,7.8,101320,Adventure,Comedy,Crime,Music
Hot Shots!,1991,6.5,33475,Action,Comedy,War
From Paris with Love,2010,6.4,28867,Action,Crime,Thriller
Brick,2005,7.5,39882,Crime,Drama,Mystery
High Noon,1952,8.3,37268,Drama,Western
9,2009,7.0,34780,
Whiteout,2009,5.3,12122,Action,Crime,Mystery,Thriller
Barry Lyndon,1975,8.1,43405,Drama,Romance,War
District 9,2009,8.2,180126,Action,Drama,Sci-Fi,Thriller
Fletch,1985,6.7,17861,Comedy,Crime,Mystery
Collateral,2004,7.8,113731,Crime,Drama,Thriller
The Man Who Knew Too Much,1956,7.5,19504,Adventure,Mystery,Thriller
The Wackness,2008,7.0,14330,Comedy,Comedy,Drama,Romance
I'm Not There.,2007,7.0,24871,Biography,Drama,Music
Le scaphandre et le papillon,2007,8.1,35881,Biography,Drama
The Proposal,2009,6.7,48412,
The Sweetest Thing,2002,4.7,24779,Comedy,Romance
Catch and Release,2006,5.8,10448,
Free Willy,1993,5.4,13973,Adventure,Drama,Family
Titanic,1997,7.4,264522,Adventure,Drama,History,Romance
Night of the Living Dead,1968,8.0,42072,Horror,Mystery
RV,2006,5.5,17771,Adventure,Comedy,Family
Predators,2010,6.5,49755,Action,Adventure,Sci-Fi,Thriller
Lolita,1962,7.8,28938,Drama,Romance
Father of the Bride Part II,1995,5.5,11605,Comedy,Family,Romance
Murder in the First,1995,7.1,11115,Drama,Thriller
Bill & Ted's Excellent Adventure,1989,6.8,32316,Adventure,Comedy,Family,Sci-Fi
Original Sin,2001,5.7,17424,Drama,Mystery,Romance,Thriller
Braveheart,1995,8.4,265027,Action,Biography,Drama,History,War
A View to a Kill,1985,6.1,25208,Action,Adventure,Thriller,Action,Adventure
Better Off Dead...,1985,7.1,17588,Comedy,Romance
Master and Commander: The Far Side of the World,2003,7.5,68577,Action,Adventure,Drama,War
Seven Years in Tibet,1997,6.8,31832,Adventure,Biography,Drama,History,War
Bounce,2000,5.6,10998,Drama,Romance
Scott Pilgrim vs. the World,2010,7.8,68664,Action,Action,Comedy,Fantasy,Music,Romance
Striking Distance,1993,5.5,11892,Action,Crime,Mystery,Thriller
O,2001,6.2,11324,Drama,Romance,Thriller
Lakeview Terrace,2008,6.3,19890,Crime,Drama,Thriller
From Hell,2001,6.9,57635,Crime,Horror,Mystery,Thriller
Very Bad Things,1998,6.1,23747,Comedy,Crime,Thriller
The Searchers,1956,8.1,31482,Adventure,Drama,Western
The Terminator,1984,8.1,198280,Action,Sci-Fi
Reality Bites,1994,6.3,18732,Comedy,Drama,Romance
Cool Runnings,1993,6.6,26539,Adventure,Comedy,Family,Sport
Pollock,2000,7.1,10118,Biography,Drama
Sophie Scholl - Die letzten Tage,2005,7.8,10008,Biography,Crime,Drama,History,War
King Kong,1976,5.6,11113,Adventure,Fantasy,Romance,Sci-Fi,Thriller
Yeopgijeogin geunyeo,2001,8.2,15514,Comedy,Drama,Romance
Taxi Driver,1976,8.6,174639,Drama,Thriller
Triangle,2009,6.8,12356,Drama,Mystery,Thriller
2 Days in Paris,2007,6.9,12423,Comedy,Drama,Romance
RoboCop,1987,7.6,58155,Action,Crime,Sci-Fi,Thriller
Away from Her,2006,7.6,10917,Drama,Romance
Suspect Zero,2004,5.8,10302,Crime,Thriller
Alive,1993,6.9,17092,Action,Adventure,Drama,Sport,Thriller
The Faculty,1998,6.3,38725,Horror,Mystery,Sci-Fi,Thriller
Windtalkers,2002,5.9,28012,Action,History,War
Lethal Weapon 4,1998,6.5,50881,Action,Crime,Thriller
16 Blocks,2006,6.7,44156,Action,Crime,Drama,Thriller
Bringing Up Baby,1938,8.1,24298,Comedy,Romance
Okuribito,2008,8.1,11448,Comedy,Drama,Music
"The Wire",2002,9.7,32471,Crime,Drama,Mystery,Thriller
Fool's Gold,2008,5.4,21890,
Be Kind Rewind,2008,6.5,45361,Comedy,Drama
Over the Hedge,2006,7.0,39347,Adventure,Animation,Comedy,Family
Just Friends,2005,6.3,29102,Comedy,Romance
Best in Show,2000,7.4,25323,Comedy
The Mighty Ducks,1992,5.9,16743,Action,Comedy,Drama,Family,Sport
Dinosaur,2000,6.2,15199,Adventure,Animation,Family,Thriller,Animation,Family
Jackass Number Two,2006,7.1,26961,Comedy,Documentary
Soldier,1998,5.6,17156,
SLC Punk!,1998,7.3,11918,Comedy,Drama,Music
Tillsammans,2000,7.4,10024,Comedy,Drama
Jaws,1975,8.3,151992,Thriller
Aguirre, der Zorn Gottes,1972,8.1,18889,Adventure,Biography,Drama,History
Employee of the Month,2006,5.3,19233,Comedy,Romance
She's the Man,2006,6.4,29385,Comedy,Romance
The Heartbreak Kid,2007,5.9,34178,Comedy,Romance
Raiders of the Lost Ark,1981,8.7,264347,Action,Adventure,Adventure,Family
Friday the 13th,1980,6.3,29231,
Assassins,1995,6.0,24949,Action,Crime,Thriller
Smokin' Aces,2006,6.6,61277,Action,Crime,Drama,Thriller
From Dusk Till Dawn,1996,7.1,87167,Action,Crime,Horror,Thriller
Forbidden Planet,1956,7.7,16742,Mystery,Sci-Fi
Paths of Glory,1957,8.6,49814,Crime,Drama,War
The Doors,1991,7.0,31514,Biography,Drama,Music
Nell,1994,6.3,12864,Drama
Happiness,1998,7.8,28866,Comedy,Drama
A Knight's Tale,2001,6.6,51914,Action,Romance
Wet Hot American Summer,2001,6.4,11736,Comedy,Romance
Casanova,2005,6.5,18748,Adventure,Comedy,Drama,Romance
The Devil's Advocate,1997,7.3,84712,Drama,Mystery,Thriller
My Fair Lady,1964,7.9,29622,Drama,Family,Musical,Romance
An American Werewolf in London,1981,7.5,26100,Horror
Analyze This,1999,6.6,55956,Comedy,Crime
Wo hu cang long,2000,8.0,115968,Action,Adventure,Drama,Fantasy,Romance
The Hills Have Eyes,2006,6.5,47832,Horror,Thriller
Public Enemies,2009,7.1,83801,Biography,Crime,Drama,History
Shallow Grave,1994,7.4,22689,Crime,Thriller
Kill Bill: Vol. 1,2003,8.2,257100,Action,Crime,Thriller
Rambo III,1988,5.0,34055,Action,Adventure,Thriller
The Prestige,2006,8.4,238226,Drama,Fantasy,Mystery,Romance,Thriller
The Animatrix,2003,7.5,23484,Action,Animation,Drama,Sci-Fi
Double Impact,1991,4.8,11304,Action,Crime,Drama,Thriller
First Knight,1995,5.6,22179,Adventure,Drama,Romance
RocknRolla,2008,7.3,60222,Action,Crime,Thriller
Bringing Down the House,2003,5.4,17029,Comedy
Sabrina,1995,6.0,16314,Comedy,Drama,Romance
We Own the Night,2007,7.0,40632,Crime,Drama,Thriller
Citizen Kane,1941,8.6,148799,Drama,Mystery
Manos: The Hands of Fate,1966,1.5,20500,Horror
Where the Heart Is,2000,6.5,14019,Comedy,Drama,Romance
Bad Taste,1987,6.7,19155,Action,Comedy,Horror,Sci-Fi
Die Hard: With a Vengeance,1995,7.5,94223,Action,Crime,Thriller
Dragonfly,2002,5.8,14879,Drama,Fantasy,Mystery,Romance,Thriller
The Fog,1980,6.8,19161,Horror
The Haunting,1999,4.6,33265,Horror,Thriller
Adaptation.,2002,7.9,71656,Comedy,Crime,Drama
City of Angels,1998,6.4,43016,Drama,Fantasy,Romance,Thriller
My Boss's Daughter,2003,4.3,11689,Comedy,Romance
Cruel Intentions,1999,6.8,71196,Drama,Romance,Thriller
Dead Again,1991,7.0,12876,Drama,Mystery,Romance,Thriller
Midnight Run,1988,7.5,25794,Action,Adventure,Comedy,Crime,Thriller
Rent,2005,6.9,23401,Drama,Musical,Romance
Zelig,1983,7.7,14632,Comedy,Fantasy
A Hard Day's Night,1964,7.6,16000,Comedy,Music
Spider-Man,2002,7.4,180485,Action,Adventure,Fantasy,Action,Adventure,Sci-Fi,Thriller
The Texas Chainsaw Massacre: The Beginning,2006,5.8,21935,Horror,Thriller
The Craft,1996,5.9,22580,Drama,Fantasy,Horror,Thriller
Wallace and Gromit in A Close Shave,1995,8.3,17585,Animation,Comedy,Crime,Family,Short
Mr. & Mrs. Smith,2005,6.4,111314,Action,Comedy,Romance
Street Fighter: The Legend of Chun-Li,2009,3.8,11169,Action,Crime,Thriller
The Fast and the Furious,2001,6.0,74970,Action,Crime,Thriller
Bicentennial Man,1999,6.4,31246,Drama,Family,Fantasy,Romance,Sci-Fi
The Back-up Plan,2010,4.6,10208,Comedy,Romance
Romper Stomper,1992,6.9,14654,Action,Drama
The Punisher,2004,6.3,53838,Action,Crime,Drama,Thriller,Action,Crime
Friday the 13th,2009,5.5,29451,Horror
Jeepers Creepers,2001,5.8,33441,Horror,Mystery
Celebrity,1998,6.2,11381,Comedy,Drama
Honey,2003,4.7,13955,Drama,Music,Romance,Romance,Thriller
Closer,2004,7.4,77266,
Big Fat Liar,2002,5.2,10599,Adventure,Comedy,Family
The Hurricane,1999,7.4,33883,Biography,Drama,Sport
Me and You and Everyone We Know,2005,7.4,18183,Comedy,Drama
Rumor Has It...,2005,5.5,19182,Comedy,Drama,Romance
Road House,1989,5.9,15094,Action,Crime,Thriller
"Seinfeld",1990,9.3,44060,Comedy
One Fine Day,1996,6.2,16259,Comedy,Romance
Legend,1985,6.2,21676,Adventure,Fantasy,Romance
State and Main,2000,6.8,13346,Comedy,Drama
Superman Returns,2006,6.5,108305,Action,Adventure,Fantasy,Sci-Fi,Action
Broken Flowers,2005,7.3,42512,Comedy,Drama,Mystery
100 Girls,2000,5.8,11084,Comedy,Romance
The Lion King,1994,8.2,158319,Adventure,Animation,Comedy,Drama,Family,Musical,Action,Adventure,Animation
Mulan,1998,7.2,37924,Adventure,Animation,Drama,Family
"Firefly",2002,9.4,42521,Drama,Sci-Fi
Session 9,2001,6.8,16607,Horror,Mystery
Look Who's Talking,1989,5.6,29350,Comedy,Romance
Belle de jour,1967,7.8,11854,Drama
Dude, Where's My Car?,2000,5.1,46038,Comedy,Mystery,Sci-Fi
Bee Movie,2007,6.3,33338,Adventure,Animation,Comedy,Family
Resident Evil: Extinction,2007,6.2,55948,Action,Horror,Sci-Fi,Thriller
"Avatar: The Last Airbender",2005,9.2,16853,Action,Adventure,Animation,Family,Fantasy
Just Married,2003,5.1,21321,Comedy,Romance
The Karate Kid,2010,6.2,31851,Action,Drama,Family,Sport
Barton Fink,1991,7.8,35237,Drama,Mystery,Thriller
Going the Distance,2010,6.4,10605,Comedy,Romance
Romeo + Juliet,1996,6.9,66627,Crime,Drama,Romance
The Merchant of Venice,2004,7.1,15029,Drama,Romance
Psycho,1960,8.7,159255,Horror,Mystery,Thriller,Thriller
Definitely, Maybe,2008,7.3,38641,Comedy,Drama,Romance
Le locataire,1976,7.8,10766,Drama,Mystery,Thriller
Swordfish,2001,6.3,62566,Action,Crime,Thriller
The Hustler,1961,8.2,27759,Drama,Romance,Sport
Dragnet,1987,5.6,13563,Comedy,Crime
Halloween 4: The Return of Michael Myers,1988,5.6,11755,Horror,Thriller
Menace II Society,1993,7.4,15639,Crime,Drama
From Here to Eternity,1953,7.9,16075,Drama,Romance,War
3:10 to Yuma,2007,7.9,107283,Action,Crime,Drama,Western
Fahrenheit 9/11,2004,7.6,76737,Documentary,History,War
Kind Hearts and Coronets,1949,8.2,14455,Comedy,Crime,Drama
Stomp the Yard,2007,4.4,14143,Drama,Musical,Romance
Trainspotting,1996,8.2,166349,Crime,Drama
Along Came Polly,2004,5.8,41114,Comedy,Romance
Stir of Echoes,1999,7.0,28348,Horror,Mystery,Thriller
After Hours,1985,7.6,18011,Comedy,Drama,Thriller
RiÂ¢hie RiÂ¢h,1994,4.7,14137,
Quarantine,2008,6.1,24263,Horror,Horror,Mystery,Thriller,Thriller
Monster,2003,7.4,43467,Biography,Crime,Drama
Old School,2003,7.0,65360,Comedy,Comedy
Bloodsport,1988,6.3,21456,Action,Biography,Sport
Aladdin,1992,7.9,76316,Adventure,Animation,Family,Fantasy,Musical,Romance,Animation,Family
A Single Man,2009,7.6,21858,Drama
No Country for Old Men,2007,8.3,222072,Crime,Drama,Thriller
Little Man,2006,3.6,18469,
101 Dalmatians,1996,5.4,21001,Adventure,Comedy,Family
Get Rich or Die Tryin',2005,4.1,19066,Biography,Crime,Drama,Music
Beverly Hills Chihuahua,2008,3.5,10524,Adventure,Comedy,Drama,Family,Romance
GoldenEye,1995,7.1,73739,Action,Adventure,Thriller
Legend of the Guardians: The Owls of Ga'Hoole,2010,7.0,14943,Adventure,Animation,Fantasy,Action
Dr T and the Women,2000,4.7,10448,Comedy,Drama,Romance
My Super Ex-Girlfriend,2006,5.4,28335,Comedy,Crime,Drama,Romance,Sci-Fi,Thriller
The Fisher King,1991,7.5,29536,Comedy,Drama
The Fugitive,1993,7.8,102797,Action,Adventure,Crime,Drama,Thriller
Breach,2007,7.2,29036,Crime,Drama,Thriller
Dolores Claiborne,1995,7.3,14312,Drama,Mystery,Thriller
Sleeping with the Enemy,1991,5.8,15460,Drama,Thriller
Repo Man,1984,6.8,13175,Action,Comedy,Sci-Fi
Kiss Kiss Bang Bang,2005,7.8,72154,Action,Comedy,Crime,Mystery,Thriller
YÃ´jinbÃ´,1961,8.4,32152,
"The West Wing",1999,8.9,11211,Drama
Bulletproof,1996,5.5,12747,Action,Adventure,Comedy,Crime
The Island,2005,6.9,90499,Action,Sci-Fi,Thriller
Snow White and the Seven Dwarfs,1937,7.9,41761,Animation,Family,Fantasy,Musical,Romance
Wasabi,2001,6.5,12629,Action,Comedy,Crime,Drama,Thriller
Silverado,1985,7.1,14876,Action,Western
The Ugly Truth,2009,6.4,34094,Comedy,Romance
Sydney,1996,7.3,11858,Crime,Drama,Thriller
Crash,2004,8.0,187187,
Mystic River,2003,8.0,133371,Crime,Drama,Mystery,Thriller
Mississippi Burning,1988,7.8,23459,Crime,Drama,Mystery,Thriller
The Natural,1984,7.5,17733,Drama,Sport
Saw 3D,2010,5.6,17205,Crime,Horror,Mystery,Thriller
The Guardian,2006,6.7,27767,
The Last Legion,2007,5.4,13329,Action,Adventure,Fantasy,War
Singles,1992,6.5,12984,Comedy,Drama,Romance
Swimming with Sharks,1994,7.1,10619,Comedy,Crime,Drama,Thriller
Old Dogs,2009,5.1,11333,
Practical Magic,1998,5.6,21424,Comedy,Fantasy,Romance
Red Dragon,2002,7.2,71756,Crime,Drama,Mystery,Thriller,Adult
The Woodsman,2004,7.4,16705,Drama
Stuck on You,2003,5.9,24516,Comedy,Adult
Buried,2010,7.2,32523,Drama,Mystery,Thriller
The Evil Dead,1981,7.6,49221,Horror
Malcolm X,1992,7.7,24518,Biography,Drama,History
The Men Who Stare at Goats,2009,6.4,42699,Comedy,War
The Astronaut Farmer,2006,6.4,10973,Adventure,Drama
Fahrenheit 451,1966,7.2,13691,Drama,Sci-Fi,Thriller
Sleuth,2007,6.3,12993,Drama,Mystery,Thriller
Redbelt,2008,6.9,12348,Action,Drama,Sport
Dark Water,2005,5.6,21189,Drama,Horror,Thriller
Rambo: First Blood Part II,1985,5.9,41636,Action,Adventure,Thriller
Watchmen,2009,7.7,147343,Action,Mystery,Sci-Fi,Thriller
"Frasier",1993,8.4,15261,Comedy,Romance
House of the Dead,2003,2.0,22337,Action,Horror
The Fast and the Furious: Tokyo Drift,2006,5.6,41076,Action,Crime,Drama,Thriller
Maid in Manhattan,2002,4.6,31874,Comedy,Drama,Romance
28 Days,2000,5.8,18688,Comedy,Drama
3 Men and a Baby,1987,5.7,17695,Comedy,Drama
Death Race,2008,6.6,46777,Action,Sci-Fi,Thriller
Slumdog Millionaire,2008,8.3,202543,Drama
AlienÂ³,1992,6.3,84169,
Don Juan DeMarco,1994,6.6,21554,Comedy,Drama,Romance
LucÃ­a y el sexo,2001,7.4,13989,
Romeo and Juliet,1968,7.7,12820,
La battaglia di Algeri,1966,8.3,15539,Drama,History,War
Cloverfield,2008,7.4,146484,Action,Mystery,Sci-Fi,Thriller
Jarhead,2005,7.2,65172,Biography,Drama,War
Empire of the Sun,1987,7.7,37174,Biography,Drama,War
Sucker Punch,2011,6.6,19764,Action,Adventure,Fantasy,Thriller
Gin gwai,2002,6.9,12814,Drama,Horror,Thriller
Le salaire de la peur,1953,8.3,15792,Drama,Thriller
Brother Bear,2003,6.5,15089,Adventure,Animation,Family,Fantasy
Paranoid Park,2007,6.9,13289,Crime,Drama,Mystery
Indiana Jones and the Kingdom of the Crystal Skull,2008,6.5,144388,Action,Adventure
Red Sonja,1985,4.5,12666,Action,Adventure,Fantasy
8Â½,1963,8.2,32830,
"Oz",1997,9.2,14343,Crime,Drama,Thriller
The Italian Job,1969,7.3,14463,Action,Comedy,Crime,Thriller
Blowup,1966,7.6,17838,Drama,Mystery,Thriller
Life of Brian,1979,8.2,103912,Comedy
Shutter,2004,7.2,10403,
Running Scared,2006,7.5,42014,Action,Crime,Drama,Thriller
Le grand bleu,1988,7.4,19124,Adventure,Drama,Romance
Dune,1984,6.5,40869,Action,Adventure,Sci-Fi
As Good as It Gets,1997,7.8,98422,Comedy,Drama,Romance
"Battlestar Galactica",2003,8.3,17120,Action,Adventure,Drama,Sci-Fi
"Sex and the City",1998,7.0,21833,Comedy,Romance
Bewitched,2005,4.8,28555,Comedy,Fantasy,Romance
Shopgirl,2005,6.6,14834,Drama,Romance
The Skeleton Key,2005,6.5,32414,Drama,Horror,Mystery,Thriller
Red,2010,7.1,47395,
The Losers,2010,6.3,24375,
Mimic,1997,5.8,15594,Drama,Horror,Sci-Fi
The Nines,2007,6.6,15348,Drama,Fantasy,Mystery,Sci-Fi
"Dead Like Me",2003,8.7,11578,Comedy,Drama,Fantasy
The Time Machine,2002,5.7,35215,Action,Adventure,Sci-Fi
MirrorMask,2005,7.0,10940,Adventure,Drama,Family,Fantasy
Hana-bi,1997,7.9,12366,Crime,Drama,Romance,Thriller
Eden Lake,2008,6.9,17006,Crime,Drama,Thriller
Inglourious Basterds,2009,8.4,216564,Adventure,Drama,War
Abre los ojos,1997,7.9,24275,Drama,Mystery,Romance,Sci-Fi,Thriller
The Fall,2006,7.9,30851,Adventure,Drama,Fantasy
Ghost Rider,2007,5.2,68455,Action,Fantasy,Thriller,Action
The Brady Bunch Movie,1995,5.7,10438,Comedy
Down by Law,1986,7.8,15255,Comedy,Crime,Drama
Friday Night Lights,2004,7.2,21976,Action,Drama,Sport
Land of the Lost,2009,5.3,19577,
The Kid,2000,5.9,15918,Comedy,Family,Fantasy
Takers,2010,5.8,11788,Action,Crime,Thriller
A Life Less Ordinary,1997,6.3,19326,Comedy,Crime,Drama,Fantasy,Romance
Good Morning, Vietnam,1987,7.2,34677,Comedy,Drama,War
The Passion of the Christ,2004,7.1,92843,Drama,History
Escape from New York,1981,7.1,37031,Action,Adventure,Crime,Sci-Fi,Thriller
The Jackal,1997,6.0,38001,Action,Adventure,Crime,Thriller
Friday the 13th Part VIII: Jason Takes Manhattan,1989,4.0,10693,Horror
Under Siege,1992,6.3,27081,Action,Crime,Thriller
Hable con ella,2002,8.1,38518,Comedy,Drama
Ray,2004,7.8,45887,
Blade: Trinity,2004,5.7,46199,Action,Adventure,Fantasy,Thriller
Double Jeopardy,1999,6.1,29959,Crime,Drama,Mystery,Thriller
City Hall,1996,6.1,10237,Drama,Thriller
Bedazzled,2000,5.9,33151,Comedy,Fantasy,Romance
Hulk,2003,5.7,75637,Action,Sci-Fi,Action
Freaks,1932,7.9,14982,Drama,Horror
Labyrinth,1986,7.3,38551,Adventure,Family,Fantasy,Musical
Tonari no Totoro,1988,8.2,36298,Adventure,Animation,Family,Fantasy
The Box,2009,5.8,27246,
Four Rooms,1995,6.4,36391,Comedy
Alice in Wonderland,2010,6.6,83624,Adventure,Family,Fantasy,Adventure
Breakfast at Tiffany's,1961,7.8,39727,Comedy,Drama,Romance
Erin Brockovich,2000,7.2,58813,Biography,Drama,Romance
The Road,2009,7.4,52334,Adventure,Drama,Thriller
The Spiderwick Chronicles,2008,6.8,20251,Adventure,Family,Fantasy,Adventure,Drama,Fantasy
Billy Madison,1995,6.3,40120,Comedy,Romance
Southland Tales,2006,5.6,21377,Comedy,Drama,Fantasy,Sci-Fi,Thriller
Megamind,2010,7.3,23738,Action,Animation,Comedy,Family,Sci-Fi,Action,Adventure
Young Guns II,1990,6.0,11854,Action,Western
The Lord of the Rings: The Two Towers,2002,8.7,360502,Action,Adventure,Family,Fantasy,Action,Adventure,Fantasy
Failure to Launch,2006,5.5,21770,Comedy,Romance
Legally Blonde 2: Red, White & Blonde,2003,4.3,20057,Comedy
Rebel Without a Cause,1955,7.9,29207,Drama,Romance
Blindness,2008,6.6,27891,Drama,Mystery,Thriller
Traffic,2000,7.8,90364,Crime,Drama,Thriller
The Truman Show,1998,8.0,178230,Drama
The Last Exorcism,2010,5.8,11515,Drama,Horror,Thriller
Lucky Number Slevin,2006,7.8,99828,Crime,Thriller
Doom,2005,5.1,42407,Action,Adventure,Horror,Sci-Fi,Thriller
The Hitcher,1986,7.2,16595,Crime,Thriller
Escape from L.A.,1996,5.3,24706,Action,Adventure,Sci-Fi,Thriller
Mortal Kombat,1995,5.5,32123,Action,Adventure,Fantasy,Sci-Fi,Thriller
Hercules,1997,6.8,25116,Adventure,Animation,Family,Fantasy,Musical,Romance
EverAfter,1998,6.9,24331,Comedy,Drama,Fantasy,Romance
Dance of the Vampires,1967,7.1,11440,Comedy,Horror
Blown Away,1994,5.9,11282,Action,Thriller
Crank,2006,7.1,77783,Action,Crime,Drama,Thriller
The Color Purple,1985,7.6,28568,Drama
I Am Sam,2001,7.4,40474,Drama
Runaway Jury,2003,7.1,35657,Drama,Thriller
Repo Men,2010,6.3,27788,Action,Crime,Drama,Sci-Fi,Thriller
Thirteen,2003,7.0,33554,Drama
The Ladykillers,1955,7.9,11293,Comedy,Crime,Thriller
Crossroads,2002,2.9,21742,
Borat: Cultural Learnings of America for Make Benefit Glorious Nation of Kazakhstan,2006,7.5,131643,Comedy
Terminator 3: Rise of the Machines,2003,6.6,114885,Action,Adventure,Sci-Fi,Thriller,Action,Crime,Sci-Fi,Thriller
Chariots of Fire,1981,7.2,17175,Drama,History,Sport
13 Going on 30,2004,6.1,35338,Comedy,Fantasy,Romance
Love Actually,2003,7.8,108615,Comedy,Drama,Romance
Daddy Day Care,2003,5.4,16108,Comedy,Family
Miller's Crossing,1990,8.0,47030,Crime,Drama,Thriller
Hero,1992,6.3,10893,
Shadow of a Doubt,1943,8.1,23011,Crime,Film-Noir,Mystery,Thriller
Transformers,2007,7.2,211832,Action,Sci-Fi,Thriller
Vacancy,2007,6.3,33648,Horror,Mystery,Thriller
It's a Mad Mad Mad Mad World,1963,7.4,15245,Action,Adventure,Comedy,Crime
Four Lions,2010,7.5,12115,Comedy,Drama
Daybreakers,2009,6.5,36155,Action,Horror,Sci-Fi,Thriller
Lilo & Stitch,2002,7.1,27843,Adventure,Animation,Family,Sci-Fi,Animation,Comedy,Family,Sci-Fi
The Other Boleyn Girl,2008,6.7,29248,Biography,Drama,History,Romance
Rear Window,1954,8.7,130928,Mystery,Romance,Thriller
Frenzy,1972,7.5,13908,Crime,Thriller
Bulworth,1998,6.8,15805,Comedy,Drama,Romance
Harry Potter and the Sorcerer's Stone,2001,7.2,145501,Adventure,Family,Fantasy,Mystery,Adventure,Fantasy
Friday the 13th: A New Beginning,1985,4.1,10149,Drama,Horror,Horror,Mystery,Thriller
Tristan + Isolde,2006,6.9,20950,Action,Adventure,Drama,Romance
Get Carter,2000,4.8,14920,Action,Crime,Drama,Thriller
In the Loop,2009,7.5,15456,Comedy
Doctor Zhivago,1965,8.0,29038,Drama,Romance,War
Banlieue 13,2004,7.1,23593,Action,Crime,Sci-Fi
The Basketball Diaries,1995,7.1,29683,Biography,Crime,Drama,Sport
Battlefield Earth: A Saga of the Year 3000,2000,2.4,41258,Action,Sci-Fi
Resident Evil: Degeneration,2008,6.6,11382,Action,Animation,Horror,Sci-Fi,Thriller
Star Wars,1977,8.8,347767,Action,Adventure,Family,Fantasy,Sci-Fi
Radio,2003,6.9,12852,Drama,Sport
Casablanca,1942,8.8,181906,Drama,Romance
Shrek 2,2004,7.5,103990,Adventure,Animation,Comedy,Family,Fantasy,Adventure
Point Break,1991,6.9,40118,Action,Crime,Thriller
Alpha Dog,2006,6.9,42070,Crime,Drama
Antwone Fisher,2002,7.3,13872,Biography,Drama,Romance
Liar Liar,1997,6.7,74317,Comedy,Fantasy
Philadelphia,1993,7.6,57639,Drama
Immortal Beloved,1994,7.2,10007,Biography,Drama,Music,Romance
Halloween H20: 20 Years Later,1998,5.4,23234,Drama,Horror,Thriller
Bin-jip,2004,8.1,17088,Crime,Drama,Romance
La citÃ© des enfants perdus,1995,7.7,28362,
Killing Zoe,1993,6.3,11578,Crime,Drama,Thriller
JÃ»bÃª ninpÃ»chÃ´,1993,7.9,12080,
Outbreak,1995,6.4,34925,Drama,Sci-Fi,Thriller
"Arrested Development",2003,9.6,51826,Comedy
Legends of the Fall,1994,7.2,43605,Drama,Romance,War,Western
Cat on a Hot Tin Roof,1958,8.0,15719,Drama
M,1931,8.6,44153,Crime,Thriller
Sex and the City,2008,5.4,50328,Comedy,Drama,Romance
The Lost World: Jurassic Park,1997,6.0,83530,Action,Adventure,Sci-Fi,Thriller,Action,Adventure,Animation,Horror,Sci-Fi,Thriller
Star Trek III: The Search for Spock,1984,6.5,23317,Action,Adventure,Sci-Fi,Thriller
Defiance,2008,7.2,38629,
Candy,2006,7.2,12186,Drama,Romance
A Mighty Wind,2003,7.2,14050,Comedy,Music
Mad Max 2,1981,7.6,38639,Action,Adventure,Sci-Fi,Thriller
Driven,2001,4.2,19603,Action,Drama,Sport,Action,Animation,Drama,Thriller
Kingpin,1996,6.7,29903,Comedy,Sport
Someone Like You...,2001,5.8,10581,Comedy,Romance
The Flintstones,1994,4.6,28390,Comedy,Crime,Family,Fantasy
Crimson Tide,1995,7.2,35072,Action,Drama,Thriller
Chain Reaction,1996,5.3,16638,Action,Drama,Thriller
The American,2010,6.5,26800,Crime,Drama
The Missing,2003,6.4,16790,
The Proposition,2005,7.5,22656,Crime,Drama,Western
Bad Boys,1995,6.6,58949,Action,Comedy,Crime,Drama,Thriller
Harry Potter and the Order of the Phoenix,2007,7.3,115088,Adventure,Family,Fantasy,Mystery,Adventure,Fantasy
The Negotiator,1998,7.2,49325,Action,Crime,Drama,Mystery,Thriller
What Happens in Vegas,2008,6.0,38359,Comedy,Romance
Goodfellas,1990,8.8,254823,Crime,Drama,Thriller
Bolt,2008,7.3,37100,Adventure,Animation,Comedy,Family
Risky Business,1983,6.7,23626,Comedy,Drama
Zoolander,2001,6.4,74670,Comedy
Half Baked,1998,6.4,19963,Comedy,Crime
The Karate Kid,1984,7.0,42493,Drama,Family,Sport
Monster's Ball,2001,7.2,40088,Drama,Romance
High School Musical 3: Senior Year,2008,3.8,19665,Comedy,Drama,Family,Musical,Romance
Shoot 'Em Up,2007,6.9,67923,Action,Adventure,Comedy,Crime,Thriller
Shrek Forever After,2010,6.6,24227,Action,Adventure,Animation,Comedy,Family,Fantasy
Angela's Ashes,1999,7.1,10591,Drama
The Great Escape,1963,8.3,68218,Adventure,Drama,History,War
Les choristes,2004,7.8,17578,Drama,Music
The Upside of Anger,2005,7.0,12684,Comedy,Drama,Romance
Re-Animator,1985,7.3,14286,Comedy,Horror,Sci-Fi
RoboCop 2,1990,5.4,21450,Action,Crime,Sci-Fi,Thriller
Brief Encounter,1945,8.2,14389,Drama,Romance
Birth,2004,6.0,16681,Drama,Mystery,Romance,Thriller
Hellbound: Hellraiser II,1988,6.2,11898,Drama,Horror,Thriller
The Good Girl,2002,6.7,22451,Comedy,Drama,Romance
Cliffhanger,1993,6.2,36732,Action,Adventure,Thriller
28 Weeks Later,2007,7.0,76325,Horror,Thriller
Stand by Me,1986,8.2,98894,Adventure,Drama
Happy-Go-Lucky,2008,7.0,16462,Comedy,Drama
Silent Hill,2006,6.5,70982,Adventure,Drama,Horror,Mystery,Thriller
American Beauty,1999,8.6,320892,Drama
Green Zone,2010,7.0,37927,Action,Drama,Thriller,War
Porky's,1982,5.8,16726,Comedy
Charlie and the Chocolate Factory,2005,7.0,111150,Adventure,Comedy,Family,Fantasy,Family
Die Hard,1988,8.3,200820,Action,Thriller
A Perfect Getaway,2009,6.5,19728,Mystery,Thriller
Edward Scissorhands,1990,8.0,114149,Drama,Fantasy,Romance
The Hudsucker Proxy,1994,7.4,34119,Comedy,Drama,Fantasy,Romance
Westworld,1973,7.1,10843,Action,Sci-Fi,Thriller,Western
The Contender,2000,6.9,14028,Drama,Thriller
Funny Games U.S.,2007,6.3,27284,Crime,Drama,Thriller
Saving Private Ryan,1998,8.5,298068,Action,Drama,History,War
Leaving Las Vegas,1995,7.6,45309,Drama,Romance
Iron Man 2,2010,7.1,89830,Action,Adventure,Sci-Fi,Action
Halloween II,2009,4.8,14294,Horror,Thriller
Role Models,2008,7.1,52242,Comedy,Romance
Invictus,2009,7.4,35840,Biography,Drama,History,Sport
Indiana Jones and the Last Crusade,1989,8.3,186908,Action,Adventure,Action,Adventure,Fantasy
The Trouble with Harry,1955,7.2,12229,Comedy,Mystery,Thriller
Casino Royale,1966,5.2,12435,Action,Adventure,Comedy
Dirty Dancing,1987,6.3,44313,Drama,Romance
La mala educaciÃ³n,2004,7.4,23070,
Final Destination 2,2003,6.3,39005,Horror,Thriller
Shooter,2007,7.1,73440,
Rain Man,1988,8.0,116111,Drama
The Condemned,2007,6.0,21134,Action,Thriller
3000 Miles to Graceland,2001,5.6,21071,Action,Comedy,Crime,Thriller
Hard Rain,1998,5.6,15115,Action,Crime,Drama,Thriller
The Avengers,1998,3.5,22118,Action,Adventure,Thriller
Hackers,1995,5.8,28299,Action,Crime,Drama,Thriller
Hocus Pocus,1993,6.0,17496,Comedy,Family,Fantasy,Horror
The Illusionist,2006,7.7,102769,Drama,Mystery,Romance,Thriller
The Ladykillers,2004,6.2,41840,Comedy,Crime,Thriller
Fallen,1998,6.8,27662,Crime,Drama,Fantasy,Thriller
Orange County,2002,6.2,24714,Comedy,Drama
Nanny McPhee,2005,6.7,14729,Comedy,Family,Fantasy
The Devil's Rejects,2005,6.9,38580,Crime,Horror,Thriller
Cinderella,1950,7.4,22377,Animation,Family,Fantasy,Musical,Romance
The Young Victoria,2009,7.2,10797,Biography,Drama,History,Romance
The Net,1995,5.6,25510,Action,Crime,Drama,Thriller
The Kid,1921,8.3,16876,Comedy,Drama,Family
The Secret of My Succe$s,1987,6.2,10428,Comedy
Dressed to Kill,1980,7.1,10120,Mystery,Thriller
Waking Ned,1998,7.2,13519,Comedy
War, Inc.,2008,5.7,13110,Action,Comedy,Thriller
Superman,1978,7.3,54331,Action,Adventure,Family,Sci-Fi
Oliver Twist,2005,7.0,11657,Drama,Family
The Human Stain,2003,6.3,14248,Drama,Romance,Thriller
Beetle Juice,1988,7.3,66228,Comedy,Fantasy
Nine Months,1995,5.3,15947,Comedy,Romance
In Cold Blood,1967,8.1,11001,Crime,Drama,History
Grumpy Old Men,1993,6.8,15206,Comedy,Drama
Nothing to Lose,1997,6.5,16781,Action,Adventure,Comedy,Crime
xXx: State of the Union,2005,4.1,21094,Action,Adventure,Crime,Thriller
Species II,1998,3.9,10658,Action,Horror,Sci-Fi
The Living Daylights,1987,6.7,25076,Action,Adventure,Thriller,Action,Adventure
Up in Smoke,1978,6.8,11918,Comedy,Music
Monsters, Inc.,2001,8.0,133715,Adventure,Animation,Comedy,Family,Fantasy
D2: The Mighty Ducks,1994,5.1,11066,Action,Comedy,Drama,Family,Sport
"Friends",1994,8.9,81425,Comedy,Romance
Mighty Aphrodite,1995,7.0,16354,Comedy,Fantasy,Romance
Sleepless in Seattle,1993,6.7,46857,Comedy,Drama,Romance
Absolute Power,1997,6.6,21129,Crime,Drama,Thriller
Batman,1966,6.3,10644,Action,Adventure,Comedy,Crime,Family
The Jungle Book,1967,7.6,30202,Adventure,Animation,Family,Musical
I Heart Huckabees,2004,6.8,37492,Comedy,Drama
Casino,1995,8.1,121031,Biography,Crime,Drama
The Little Mermaid,1989,7.5,41121,Animation,Family,Fantasy,Musical,Romance
Tank Girl,1995,4.8,11439,Action,Comedy,Sci-Fi
A Walk to Remember,2002,7.1,42463,Drama,Romance
The Man from Earth,2007,8.0,36851,Drama,Sci-Fi
Bringing Out the Dead,1999,6.8,32182,Drama,Thriller
Catch Me If You Can,2002,7.8,152219,Biography,Crime,Drama
The Thing,1982,8.2,88445,Horror,Sci-Fi,Thriller
Dirty Work,1998,6.2,12101,Comedy
Velvet Goldmine,1998,6.7,14882,Drama,Music
One Hundred and One Dalmatians,1961,7.2,20397,Adventure,Animation,Family
A Streetcar Named Desire,1951,8.1,37190,Drama,Romance
The Abyss,1989,7.6,54912,Adventure,Drama,Mystery,Sci-Fi,Thriller
Step Up 2: The Streets,2008,5.7,22363,Drama,Music,Romance
Heavenly Creatures,1994,7.6,28266,Crime,Drama,Fantasy,Thriller
Turistas,2006,5.0,16087,Horror,Mystery,Thriller
(500) Days of Summer,2009,8.0,90506,Comedy,Drama,Romance
Flash Gordon,1980,6.2,15895,Action,Adventure,Sci-Fi,Thriller
Cujo,1983,5.8,10063,Horror,Thriller
Doctor Dolittle,1998,5.2,27549,Comedy,Family
Interstate 60: Episodes of the Road,2002,7.7,11706,Adventure,Comedy,Drama,Fantasy,Mystery,Sci-Fi,Thriller
Darkness,2002,5.3,10404,Horror,Mystery,Thriller
The Longest Yard,2005,6.2,43941,Comedy,Drama,Sport
Jackass: The Movie,2002,6.3,30559,Action,Comedy,Documentary
Cape Fear,1991,7.3,50683,Crime,Drama,Thriller
Undercover Brother,2002,5.7,14957,Action,Comedy
Gremlins 2: The New Batch,1990,6.1,24415,Comedy,Fantasy,Horror,Sci-Fi
Wall Street: Money Never Sleeps,2010,6.3,24559,Drama
Mean Creek,2004,7.3,15127,Crime,Drama
What Dreams May Come,1998,6.6,32443,Drama,Fantasy,Romance
Hollywoodland,2006,6.6,18533,Biography,Crime,Drama,History,Mystery,Romance,Thriller
Andrey Rublyov,1966,8.2,11206,Biography,Drama,History,War
Mirrors,2008,6.1,30380,Horror,Mystery,Thriller
2012,2009,5.9,91901,
Stardust,2007,7.9,95304,Adventure,Comedy,Family,Fantasy
Touching the Void,2003,8.0,12680,Adventure,Documentary,Drama,Sport
Billy Elliot,2000,7.7,41361,Comedy,Drama,Music
Election,1999,7.4,39071,Comedy,Drama
Everything Is Illuminated,2005,7.6,21186,Comedy,Drama
Max Payne,2008,5.4,51857,Action,Crime,Drama,Mystery,Thriller
Sweet November,2001,6.1,22972,Drama,Romance
Quantum of Solace,2008,6.8,102014,Action,Adventure,Thriller,Action
Anatomy of a Murder,1959,8.1,17909,Crime,Drama,Mystery
Bachelor Party,1984,5.9,14563,Comedy,Romance
The Girl Next Door,2004,6.9,62036,Comedy,Drama,Romance
A Nightmare on Elm Street: The Dream Child,1989,4.7,11697,Fantasy,Horror,Thriller
50 First Dates,2004,6.8,72476,Comedy,Romance
America's Sweethearts,2001,5.7,28036,Comedy,Romance
Lucky You,2007,5.9,10380,Drama,Romance,Sport
Clerks.,1994,7.9,94402,Comedy
Man on Fire,2004,7.7,83092,Action,Crime,Drama,Thriller
Insomnia,2002,7.2,75077,
Wild Things,1998,6.6,42257,Crime,Mystery,Thriller
The Notebook,2004,8.0,106095,Drama,Romance,War
Daredevil,2003,5.4,68364,Action,Crime,Fantasy,Thriller
Don't Say a Word,2001,6.1,23099,Crime,Drama,Thriller
Under the Tuscan Sun,2003,6.7,15157,Comedy,Drama,Romance
"Dexter",2006,9.3,17987,Crime,Drama,Mystery,Thriller,Comedy,Crime
Nim's Island,2008,6.0,11289,Adventure,Comedy,Family,Fantasy
Teaching Mrs. Tingle,1999,5.0,11172,Comedy,Thriller
Music and Lyrics,2007,6.6,34854,Comedy,Music,Romance
Look Who's Talking Too,1990,3.9,18018,Comedy,Family,Romance
Miami Vice,2006,6.0,54661,Action,Crime,Drama,Thriller
Jumanji,1995,6.5,60441,Adventure,Family,Fantasy,Thriller
House on Haunted Hill,1999,5.3,24103,Horror,Mystery,Thriller
Air Force One,1997,6.3,64928,Action,Drama,Thriller
Assault on Precinct 13,2005,6.3,28393,Action,Crime,Drama,Thriller
Star Trek: The Motion Picture,1979,6.2,26798,Action,Adventure,Mystery,Sci-Fi
Kung fu,2004,7.8,45384,Action,Comedy,Crime,Fantasy
Chasing Amy,1997,7.5,65739,Comedy,Drama,Romance
European Vacation,1985,5.7,17338,Adventure,Comedy,Crime,Romance
25th Hour,2002,7.9,63535,Crime,Drama
Godsend,2004,4.7,14507,Drama,Horror,Sci-Fi,Thriller
Vicky Cristina Barcelona,2008,7.3,58971,Drama,Romance
Intolerable Cruelty,2003,6.4,38721,Comedy,Crime,Romance
Prince of Darkness,1987,6.5,10825,Horror,Thriller
Primary Colors,1998,6.7,15662,Comedy,Drama
Buffy the Vampire Slayer,1992,5.3,16908,Action,Comedy,Horror
Spy Kids 2: Island of Lost Dreams,2002,5.3,12783,Action,Adventure,Comedy,Family,Sci-Fi
Life as a House,2001,7.5,20216,Drama,Romance
The Apartment,1960,8.4,40450,Comedy,Drama,Romance
Lolita,1997,6.8,16259,Drama,Romance
Stone,2010,5.6,10596,Drama,Thriller
The Fly,1986,7.5,38625,Drama,Horror,Sci-Fi
The Machinist,2004,7.8,76575,Drama,Mystery,Thriller
You, Me and Dupree,2006,5.6,31364,Comedy,Romance
Love Story,1970,6.7,10880,Drama,Romance
Grosse Pointe Blank,1997,7.4,43128,Action,Comedy,Crime,Romance,Thriller
The American President,1995,6.8,23672,Comedy,Drama,Romance
"That '70s Show",1998,8.5,28315,Comedy,Romance
The Brothers Bloom,2008,6.9,17037,Adventure,Comedy,Drama,Romance
The Hitcher,2007,5.5,19614,Action,Crime,Drama,Thriller
The Nutty Professor,1996,5.6,34734,Comedy,Romance,Sci-Fi
Paranormal Activity,2007,6.6,66379,Horror,Mystery,Thriller
Martyrs,2008,7.0,14661,Drama,Horror,Thriller,Thriller
Private Parts,1997,6.7,18731,Biography,Comedy
Die unendliche Geschichte,1984,7.4,28494,Adventure,Drama,Family,Fantasy
The Sandlot,1993,7.5,20526,Comedy,Drama,Family,Sport
Jason Lives: Friday the 13th Part VI,1986,5.3,10350,Comedy,Horror,Thriller
The Wedding Singer,1998,6.8,51089,Comedy,Music,Romance
Bride Wars,2009,5.0,18285,Comedy,Romance
Man cheng jin dai huang jin jia,2006,7.0,19057,Action,Drama,Romance
Bend It Like Beckham,2002,6.9,43465,Comedy,Drama,Romance,Sport
Invasion of the Body Snatchers,1956,8.0,15574,Horror,Sci-Fi
Things We Lost in the Fire,2007,7.2,13040,Drama
Van Helsing,2004,5.6,74826,Action,Adventure,Drama,Fantasy,Mystery,Thriller,Action,Adventure,Fantasy,Sci-Fi
The A-Team,2010,7.0,53352,Action,Adventure,Thriller
Up,2009,8.4,139576,Adventure,Animation,Comedy,Drama,Family,Fantasy,Adventure
Minority Report,2002,7.7,146398,Action,Crime,Mystery,Sci-Fi,Thriller,Action,Animation,Drama,Mystery,Sci-Fi,Thriller
Hart's War,2002,6.2,20682,Drama,War
Saving Silverman,2001,5.7,19571,Comedy,Crime,Romance
Marathon Man,1976,7.6,19683,Drama,Thriller
The English Patient,1996,7.3,58688,Drama,Romance,War
Zathura: A Space Adventure,2005,6.2,17999,Action,Adventure,Comedy,Family,Fantasy,Sci-Fi
La pianiste,2001,7.3,14928,Drama,Music
21 Grams,2003,7.9,84430,Crime,Drama,Thriller
Prime,2005,6.3,17215,Comedy,Drama,Romance
The Sorcerer's Apprentice,2010,6.2,29202,Action,Adventure,Comedy,Drama,Fantasy,Action
Trapped,2002,6.0,11240,Crime,Drama,Thriller
World's Greatest Dad,2009,7.0,11487,
"24",2001,8.8,44984,Action,Crime,Drama,Thriller,Action,Short,Action,Short
IrrÃ©versible,2002,7.3,36402,
The Story of Us,1999,5.7,11176,Comedy,Drama,Romance
P2,2007,5.9,11268,Crime,Horror,Thriller
"The Big Bang Theory",2007,8.8,14470,Comedy,Comedy
"Will & Grace",1998,7.1,11452,Comedy
The Sword in the Stone,1963,7.1,11958,Adventure,Animation,Family,Fantasy
Mad Max Beyond Thunderdome,1985,5.9,26165,Action,Adventure,Sci-Fi
Le fabuleux destin d'AmÃ©lie Poulain,2001,8.6,202377,
Addams Family Values,1993,6.3,22191,Comedy,Family,Fantasy,Thriller
Miss Congeniality,2000,6.0,45857,Action,Comedy,Crime
The New Guy,2002,5.4,15019,Comedy
Red River,1948,7.9,11124,Action,Adventure,Western
Evan Almighty,2007,5.5,47057,Comedy,Family,Fantasy
Once Were Warriors,1994,8.0,14792,Drama
The Ringer,2005,5.7,14736,Comedy,Sport
The Legend of Bagger Vance,2000,6.5,23099,Drama,Fantasy,Romance,Sport
Darkman,1990,6.3,18219,Action,Crime,Sci-Fi,Thriller
L'auberge espagnole,2002,7.3,16591,Comedy,Drama,Romance
A Lot Like Love,2005,6.4,19708,Comedy,Drama,Romance
The Lost Boys,1987,7.0,37000,Comedy,Fantasy,Horror
Gwoemul,2006,7.1,29342,Comedy,Drama,Horror,Sci-Fi,Thriller
Smoke,1995,7.5,15913,Comedy,Drama
Secret Window,2004,6.5,58778,Mystery,Thriller
Boat Trip,2002,4.6,14195,Comedy
"Planet Earth",2006,9.8,14758,Documentary
Identity,2003,7.3,62800,Drama,Mystery,Thriller
Howards End,1992,7.4,11190,Drama,Romance
Copycat,1995,6.5,17895,Crime,Mystery,Thriller
The Libertine,2004,6.4,17236,Drama,History
Eyes Wide Shut,1999,7.2,100549,Drama,Mystery,Thriller
Mulholland Dr.,2001,8.0,113020,Drama,Mystery,Thriller
Animal House,1978,7.6,43987,Comedy,Romance
The Crucible,1996,6.9,12379,Drama,History
Carlito's Way,1993,7.9,55764,Crime,Drama,Thriller
Varsity Blues,1999,6.1,18723,Comedy,Drama,Romance,Sport
Police Academy 6: City Under Siege,1989,3.3,10406,Comedy,Crime
Into the Wild,2007,8.2,118485,Adventure,Biography,Drama
Ladri di biciclette,1948,8.5,31090,Crime,Drama
Mean Machine,2001,6.3,13741,Comedy,Drama,Sport
Saw III,2006,6.2,65796,Crime,Horror,Thriller
An American Tail,1986,6.7,10791,Adventure,Animation,Comedy,Drama,Family,Musical,Romance
A Civil Action,1998,6.4,14621,Drama
Blue Velvet,1986,7.8,57697,Crime,Mystery,Thriller
Lola rennt,1998,8.0,83204,Crime,Thriller
See No Evil,2006,4.9,10746,Horror,Thriller
The Social Network,2010,8.1,109627,Biography,Drama,History
Les triplettes de Belleville,2003,7.7,21545,Adventure,Animation,Comedy,Drama,Music
Kids,1995,6.8,27859,Crime,Drama
Cube 2: Hypercube,2002,5.6,18874,Horror,Mystery,Sci-Fi,Thriller
Beowulf,2007,6.5,67568,Action,Adventure,Animation,Fantasy
Robin Hood,1973,7.5,17944,Adventure,Animation,Family,Romance
The Incredible Hulk,2008,7.1,89923,Action,Sci-Fi,Thriller,Action,Adventure,Sci-Fi
Boksuneun naui geot,2002,7.8,17762,Crime,Drama,Thriller
Harry Potter and the Chamber of Secrets,2002,7.1,131162,Adventure,Family,Fantasy,Mystery,Adventure,Fantasy
El secreto de sus ojos,2009,8.3,28277,Drama,Mystery,Romance
Me, Myself & Irene,2000,6.3,66215,Comedy
Star Trek: Insurrection,1998,6.3,27517,Action,Adventure,Sci-Fi,Thriller
The Life Aquatic with Steve Zissou,2004,7.2,60972,Adventure,Comedy,Drama
Don't Be a Menace to South Central While Drinking Your Juice in the Hood,1996,6.3,14400,Comedy,Crime
Bobby,2006,7.1,24268,Drama,History
Black Sheep,1996,5.6,11543,Comedy
Clerks II,2006,7.6,59538,Comedy
L.A. Confidential,1997,8.4,178171,Crime,Drama,Mystery,Thriller
Behind Enemy Lines,2001,6.1,35316,Action,Drama,Thriller,War
I Love You, Man,2009,7.3,51325,Comedy,Romance
The Weather Man,2005,6.9,37666,Comedy,Drama
The Prophecy,1995,6.5,11374,Fantasy,Horror,Mystery,Thriller
The Score,2001,6.8,45093,Action,Comedy,Crime,Thriller
Rocky V,1990,4.5,33229,Drama,Sport
The Village,2004,6.6,95437,Mystery,Thriller
True Romance,1993,7.9,78606,Crime,Romance,Thriller
Black Christmas,2006,4.3,11169,Horror,Thriller
All About Eve,1950,8.5,38016,Drama
Color of Night,1994,4.8,10732,Drama,Mystery,Romance,Thriller
The 'burbs,1989,6.5,22383,Comedy,Horror,Thriller
Sweet and Lowdown,1999,7.2,14777,Comedy,Music
Men in Black,1997,7.0,129478,Action,Adventure,Comedy,Sci-Fi
The Assassination of Richard Nixon,2004,7.1,14875,Biography,Crime,Drama,History
Big Momma's House,2000,4.8,23640,Action,Comedy,Crime
Simon Birch,1998,6.8,11734,Comedy,Drama
Paris, Texas,1984,8.0,17643,Drama
The Pianist,2002,8.5,151864,Biography,Drama,War
Ginger Snaps,2000,6.9,13596,Comedy,Drama,Horror
The Godfather,1972,9.2,450433,Crime,Drama,Thriller
Scary Movie 2,2001,4.7,47769,Comedy
Central do Brasil,1998,8.0,17860,Drama
Hostel: Part II,2007,5.4,33866,Horror,Thriller
Pee-wee's Big Adventure,1985,6.9,20601,Adventure,Comedy,Family
The Ghost and the Darkness,1996,6.6,20803,Adventure,Drama,Horror,Thriller
Casper,1995,5.7,28316,Comedy,Family,Fantasy
Sphere,1998,5.7,33683,Drama,Horror,Mystery,Sci-Fi,Thriller
Hostel,2005,5.7,69499,Mystery,Thriller
Lords of Dogtown,2005,6.9,18529,Biography,Drama,Sport
Dark City,1998,7.8,68875,Mystery,Sci-Fi,Thriller
The Lizzie McGuire Movie,2003,4.7,10765,Adventure,Comedy,Family,Music,Romance
Beneath the Planet of the Apes,1970,6.0,10016,Action,Sci-Fi
Suicide Kings,1997,6.9,14006,Comedy,Crime,Drama,Mystery,Thriller
Revolutionary Road,2008,7.5,51984,Drama,Romance
Harry Potter and the Deathly Hallows: Part 1,2010,7.8,63812,Adventure,Drama,Fantasy,Mystery
Blade,1998,7.0,71024,Action,Fantasy,Horror
The Prince & Me,2004,5.6,10179,Comedy,Romance
Finding Neverland,2004,7.9,92259,Biography,Drama,Family
Eraserhead,1977,7.4,29009,Drama,Fantasy,Horror,Sci-Fi
Joy Ride,2001,6.6,23664,
The Patriot,2000,6.9,84249,Action,Drama,War
Tremors,1990,7.1,32726,Comedy,Horror
Chocolat,2000,7.3,60701,Drama,Mystery,Romance
Beerfest,2006,6.1,25350,Comedy
Enigma,2001,6.4,10596,Drama,Mystery,Romance,Thriller,War
Flickan som lekte med elden,2009,6.8,15098,Crime,Drama,Mystery,Thriller
The Messengers,2007,5.2,15188,Drama,Horror,Thriller
Street Kings,2008,6.9,43198,Action,Crime,Drama,Thriller
Shallow Hal,2001,6.0,39103,Comedy,Drama,Fantasy,Romance
The Benchwarmers,2006,5.4,18869,Adventure,Comedy,Family,Sport
The Animal,2001,4.6,20004,Comedy
Vantage Point,2008,6.7,56679,Action,Crime,Drama,Thriller
Sliver,1993,4.7,12253,Romance,Thriller
House of Sand and Fog,2003,7.8,31929,Drama
Starman,1984,6.9,15190,Adventure,Drama,Romance,Sci-Fi
Idiocracy,2006,6.4,43719,Adventure,Comedy,Sci-Fi,Thriller
What Lies Beneath,2000,6.5,48306,Horror,Mystery,Thriller
One Flew Over the Cuckoo's Nest,1975,8.9,240165,Drama
Peggy Sue Got Married,1986,6.3,13045,Comedy,Drama,Fantasy,Romance
Midnight Cowboy,1969,8.0,36039,Drama
Henry: Portrait of a Serial Killer,1986,7.2,10359,Biography,Crime,Drama,Horror,Thriller
Un prophÃ¨te,2009,8.0,21110,
Great Expectations,1998,6.6,22683,Drama,Romance,Documentary,Short
X-Men: The Last Stand,2006,6.9,116710,Action,Adventure,Sci-Fi,Thriller
The Princess Diaries,2001,5.9,26275,Comedy,Drama,Family,Romance,Thriller
Frantic,1988,6.8,19225,Crime,Drama,Mystery,Thriller
Dick,1999,6.1,10717,Comedy
Strictly Ballroom,1992,7.1,12065,Comedy,Drama,Romance
The Man in the Iron Mask,1998,6.2,39780,
Kindergarten Cop,1990,5.8,43186,Action,Comedy,Crime,Thriller
Point of No Return,1993,5.7,10645,Action,Crime,Drama,Romance,Thriller
Severance,2006,6.7,17372,Comedy,Horror,Thriller
Untraceable,2008,6.1,23326,Crime,Drama,Thriller
Secrets & Lies,1996,8.0,15038,Comedy,Drama
The Nightmare Before Christmas,1993,8.0,87937,Animation,Family,Fantasy,Musical
"Nip/Tuck",2003,8.3,17597,Drama
Singin' in the Rain,1952,8.4,60622,Comedy,Musical,Romance
Salinui chueok,2003,8.1,13279,Crime,Drama,Mystery,Thriller
Wallace & Gromit in The Wrong Trousers,1993,8.6,25112,Animation,Comedy,Crime,Family,Short
King Arthur,2004,6.2,57169,Action,Adventure,History,War,Action
A Shot in the Dark,1964,7.6,10674,Comedy,Family,Mystery
BubbaHo-Tep,2002,7.3,24101,Comedy,Fantasy,Horror,Mystery
Crank: High Voltage,2009,6.3,40091,Action,Crime,Thriller
Hitch,2005,6.7,72090,
The Last Song,2010,4.4,10247,Drama,Romance
The School of Rock,2003,7.2,69586,Comedy,Music
La science des rÃªves,2006,7.4,32362,
Baraka,1992,8.3,11290,Documentary,War
Kazaam,1996,2.5,13240,Comedy,Family,Fantasy,Musical
Superman III,1983,4.7,19442,Action,Adventure,Comedy,Fantasy,Sci-Fi
Open Range,2003,7.5,27810,Action,Romance,Western
Footloose,1984,6.0,16524,Drama,Music,Romance
Spartan,2004,6.7,17787,Action,Crime,Drama,Mystery,Thriller
Per qualche dollaro in piÃ¹,1965,8.3,50753,
The Bank Job,2008,7.4,55451,Crime,Drama,Thriller
Riding in Cars with Boys,2001,6.2,12427,Biography,Comedy,Drama
Il postino,1994,7.7,15634,Biography,Comedy,Drama,Romance
Jaws 3-D,1983,3.3,13477,Thriller
Spartacus,1960,8.0,53807,Action,Adventure,Biography,Drama,History
Next,2007,6.1,51657,Action,Fantasy,Romance,Sci-Fi,Thriller,Adult
Blades of Glory,2007,6.5,55376,Comedy,Sport
Dogma,1999,7.3,105389,Adventure,Comedy,Fantasy
Frost/Nixon,2008,7.9,40033,Drama,History
Deception,2008,5.9,15502,Crime,Drama,Horror,Mystery,Short,Thriller
Disaster Movie,2008,1.7,37566,Comedy
Michael Clayton,2007,7.5,63616,Crime,Drama,Mystery,Thriller
Funny Games,1997,7.6,17206,Crime,Drama,Mystery,Thriller
Beautiful Girls,1996,7.2,16079,Comedy,Drama,Romance
Firewall,2006,5.8,26214,Crime,Thriller
"MythBusters",2003,9.0,10350,Documentary,Reality-TV
Drillbit Taylor,2008,5.9,20963,Comedy
Broken Arrow,1996,5.8,35371,Action,Thriller
The Salton Sea,2002,7.1,17482,Crime,Drama,Mystery,Thriller
10,000 BC,2008,4.9,50200,Adventure,Fantasy
Janghwa, Hongryeon,2003,7.4,15626,Drama,Horror,Mystery,Thriller
Ransom,1996,6.6,40504,Crime,Thriller
C.R.A.Z.Y.,2005,8.0,13902,Drama
S1m0ne,2002,6.2,25629,Comedy,Drama,Fantasy,Sci-Fi
Il buono, il brutto, il cattivo.,1966,9.0,182950,Western
Runaway Bride,1999,5.2,30267,Comedy,Romance
Alien: Resurrection,1997,6.2,70647,Action,Sci-Fi,Thriller
The Descent,2005,7.4,63943,Adventure,Drama,Horror
Ruthless People,1986,6.8,10389,Comedy,Crime
Kill Bill: Vol. 2,2004,8.0,203141,Crime,Thriller
Cleaner,2007,6.1,12994,Crime,Mystery,Thriller
Frailty,2001,7.3,29430,Crime,Drama,Thriller
4 luni, 3 saptamÃ¢ni si 2 zile,2007,7.9,21626,
Calendar Girls,2003,6.9,10110,Comedy,Drama
Due Date,2010,6.7,39452,Comedy,Drama
The Hole,2001,6.3,17785,Drama,Horror,Mystery,Thriller
Three Days of the Condor,1975,7.5,15165,Drama,Mystery,Romance,Thriller
Detroit Rock City,1999,6.5,15390,Comedy,Music
The Client,1994,6.5,20305,Drama,Mystery,Thriller
Basic Instinct,1992,6.9,60904,Mystery,Thriller
TMNT,2007,6.5,27366,Action,Adventure,Animation,Comedy,Drama,Family,Fantasy
Men of Honor,2000,6.8,33143,Biography,Drama
The Watcher,2000,5.2,13473,
Mr. Smith Goes to Washington,1939,8.4,36321,Drama
The Royal Tenenbaums,2001,7.6,87689,Comedy,Drama
The Big Hit,1998,5.9,14706,Action,Comedy,Crime,Thriller
1492: Conquest of Paradise,1992,6.3,10979,Adventure,Biography,Drama,History
Some Like It Hot,1959,8.4,73854,Comedy,Music
Ghostbusters II,1989,6.2,48190,Action,Adventure,Comedy,Fantasy,Sci-Fi,Action,Adventure,Comedy,Sci-Fi
Spy Hard,1996,4.8,13457,Action,Comedy
Passengers,2008,5.6,11093,Drama,Mystery,Romance,Thriller
A Christmas Carol,2009,6.9,17609,Animation,Comedy,Drama,Family,Fantasy,Horror,Sci-Fi
Spoorloos,1988,7.9,11498,Crime,Drama,Mystery,Thriller
School for Scoundrels,2006,6.0,16508,Comedy,Romance
A Bridge Too Far,1977,7.3,17755,Action,Drama,History,War
Mystery Men,1999,5.9,32745,Action,Comedy,Fantasy
Stop! Or My Mom Will Shoot,1992,3.5,15498,Action,Comedy
Body Heat,1981,7.3,12614,Crime,Drama,Thriller
The Final Cut,2004,6.1,13116,Sci-Fi,Thriller
Narc,2002,7.3,20024,Crime,Drama,Thriller
Parenthood,1989,6.9,18430,Comedy,Drama
Dracula,1931,7.7,14587,Fantasy,Horror
El espinazo del diablo,2001,7.6,18449,Fantasy,Horror,Mystery,Thriller
The Air I Breathe,2007,7.0,21086,Action,Crime,Drama,Romance,Thriller
Twins,1988,5.9,36498,Adult
Edge of Darkness,2010,6.7,31357,Crime,Drama,Mystery,Thriller
Manhattan,1979,8.1,42428,Comedy,Drama,Romance
"Twin Peaks",1990,9.4,24644,Crime,Drama,Mystery,Thriller,Comedy,Drama,Mystery,Thriller
Body of Lies,2008,7.1,61077,Action,Drama,Thriller
Life,1999,6.2,16636,
Ladyhawke,1985,6.8,16049,Adventure,Comedy,Drama,Fantasy,Romance
"Glee",2009,8.2,30533,Comedy,Drama,Music,Comedy
Shark Tale,2004,5.9,43434,Animation,Comedy,Family,Action,Adventure
Soylent Green,1973,7.0,16563,Drama,Mystery,Sci-Fi,Thriller
Happy Feet,2006,6.6,46352,Adventure,Animation,Comedy,Family,Music,Romance,Action,Adventure
Tarzan,1999,7.0,29853,Adventure,Animation,Drama,Family,Animation
Memento,2000,8.7,306484,Crime,Drama,Mystery,Thriller
In the Cut,2003,5.2,12039,Mystery,Romance,Thriller
Sliding Doors,1998,6.8,25249,Comedy,Drama,Romance
The Taking of Pelham One Two Three,1974,7.7,10915,Crime,Drama,Thriller
The Hand That Rocks the Cradle,1992,6.3,13638,Drama,Thriller
Gamer,2009,5.6,35702,Action,Sci-Fi,Thriller
Out of the Past,1947,8.1,11385,Drama,Film-Noir,Thriller
Death to Smoochy,2002,6.2,23333,Comedy,Crime,Music,Thriller
Club Dread,2004,5.4,13249,Comedy,Horror,Thriller
The Langoliers,1995,5.9,10326,Drama,Horror,Mystery,Sci-Fi,Thriller
Stripes,1981,6.8,20839,Comedy,War
Igby Goes Down,2002,7.0,19681,Comedy,Drama
Primer,2004,6.9,19502,Drama,Sci-Fi,Thriller
Blood Simple.,1984,7.8,30539,Crime,Drama,Thriller
Heavy Metal,1981,6.4,11437,Animation,Fantasy,Music,Sci-Fi
King of California,2007,6.7,10811,Comedy,Drama
The Man with the Golden Gun,1974,6.6,23932,Action,Adventure,Thriller
Harry Potter and the Goblet of Fire,2005,7.6,123237,Adventure,Family,Fantasy,Mystery,Adventure,Fantasy
What Just Happened,2008,5.9,13753,Comedy,Drama
Exit Through the Gift Shop,2010,8.2,11602,Comedy,Documentary
The Pink Panther Strikes Again,1976,7.1,10386,Comedy,Crime,Family,Sci-Fi
Almost Famous,2000,8.0,100025,Drama,Music
Les diaboliques,1955,8.3,16566,Crime,Drama,Horror,Mystery,Thriller
Stranger Than Fiction,2006,7.8,80065,Comedy,Drama,Fantasy,Romance
The Sweet Hereafter,1997,7.9,16985,Drama
Cinderella Man,2005,8.0,67687,Biography,Drama,Romance,Sport
Keeping Mum,2005,6.8,12526,Comedy,Crime
Trading Places,1983,7.4,32766,Comedy
The Way of the Gun,2000,6.6,18105,Action,Crime,Drama,Thriller
FeardotCom,2002,3.2,11797,Crime,Horror,Thriller
Persona,1966,8.2,18080,Drama,Fantasy
The Big Lebowski,1998,8.2,198397,Comedy,Crime
The Chronicles of Narnia: Prince Caspian,2008,6.8,52588,Action,Adventure,Family,Fantasy,Action,Adventure,Fantasy
Troy,2004,7.0,142043,Action,Romance
Bad Company,2002,5.4,18967,Action,Adventure,Comedy,Thriller
The Chronicles of Narnia: The Lion, the Witch and the Wardrobe,2005,6.9,110177,Adventure,Family,Fantasy,Action,Adventure,Fantasy
Ã€ l'intÃ©rieur,2007,7.0,10161,
48 Hrs.,1982,6.9,23334,Action,Comedy,Crime,Drama,Thriller
The Million Dollar Hotel,2000,5.6,12591,Drama,Mystery,Thriller
"Entourage",2004,9.1,42596,Comedy,Drama
